1,Bruce,Gardner
2,Julie,Howell
3,Roy,Ortiz
4,Diane,Hill
5,Betty,Spencer
6,Joe,Greene
7,Kenneth,Marshall
8,Eric,Myers
9,Jane,Willis
10,Amanda,Brooks
11,Joshua,Russell
12,Julia,Campbell
13,William,Williams
14,Phillip,White
15,Brenda,Watson
16,Paula,Gardner
17,Christine,Griffin
18,Diana,Grant
19,Bonnie,Stevens
20,Louis,Berry
21,Bonnie,Sanders
22,Patricia,Gilbert
23,Carolyn,Payne
24,Paul,Holmes
25,Gregory,Washington
26,Charles,Wood
27,Joshua,Murphy
28,Julia,Tucker
29,Ruth,Franklin
30,Todd,Moreno
31,Russell,Morales
32,Ralph,Dixon
33,Jennifer,Morris
34,Linda,Garrett
35,Cynthia,Harper
36,William,Griffin
37,Victor,Kim
38,Sean,Ward
39,Laura,Hicks
40,Julia,Simmons
41,Martin,Wilson
42,Katherine,Larson
43,Christine,Thompson
44,Gerald,Riley
45,Marie,Shaw
46,Nancy,Ramos
47,Walter,Bishop
48,Ashley,Dixon
49,Henry,Woods
50,Antonio,Burton
51,Gerald,Fuller
52,Ann,Sims
53,Philip,Henderson
54,Diana,Carpenter
55,Maria,Diaz
56,Jonathan,Warren
57,Joshua,Mcdonald
58,Earl,Reed
59,Harry,Hunter
60,Christine,Shaw
61,Gerald,Jackson
62,Johnny,Lynch
63,Karen,Hamilton
64,Billy,Wilson
65,Beverly,Arnold
66,Adam,Mills
67,Annie,Bishop
68,Stephen,Walker
69,Russell,Dean
70,Christine,Washington
71,Craig,Lynch
72,Willie,Wagner
73,Frances,Bell
74,Elizabeth,Mcdonald
75,Robin,Green
76,Scott,Williamson
77,Brandon,Hanson
78,Stephanie,Martin
79,Maria,Jenkins
80,Alice,Jackson
81,Ronald,Harris
82,Aaron,Hunt
83,Carolyn,Coleman
84,Peter,Vasquez
85,Ronald,Thompson
86,Chris,Hayes
87,Thomas,Carpenter
88,Cynthia,Campbell
89,Anna,Price
90,Deborah,Gibson
91,Lisa,Gomez
92,Frank,Patterson
93,Stephanie,Cook
94,Phyllis,Berry
95,Gregory,Morales
96,Patricia,Williamson
97,Kelly,Roberts
98,Arthur,Morrison
99,Janet,Rogers
100,Michelle,Bishop
101,Debra,Ferguson
102,Barbara,Howard
103,Cynthia,Cooper
104,Anne,Day
105,Diana,Henderson
106,David,Adams
107,Jimmy,Ruiz
108,Richard,Mcdonald
109,Robert,Ward
110,Paul,Ford
111,Sarah,Wright
112,Harold,Chavez
113,Andrea,Gomez
114,Antonio,Crawford
115,Andrew,Clark
116,Craig,West
117,Elizabeth,Greene
118,Jesse,Lawrence
119,Margaret,Peterson
120,Bonnie,Hayes
121,Irene,Richards
122,Richard,Lynch
123,Laura,Perry
124,Phyllis,Lopez
125,Willie,Richards
126,Earl,Martin
127,Dennis,Nguyen
128,Shawn,Payne
129,Steven,Alexander
130,Charles,Jacobs
131,Justin,Hart
132,Janice,Wallace
133,Marie,Morales
134,Matthew,Morales
135,Kimberly,Nichols
136,Louise,Woods
137,David,Armstrong
138,Norma,Jones
139,Amanda,Brown
140,Joyce,Lopez
141,Gary,Smith
142,Julia,Lawson
143,Frances,Flores
144,Amanda,Wilson
145,Carl,Meyer
146,Jimmy,Hawkins
147,Bonnie,Nguyen
148,Mildred,Shaw
149,Diane,Ford
150,Theresa,Armstrong
151,Mary,Ferguson
152,Christina,Pierce
153,Jennifer,Martinez
154,Harold,Gray
155,Willie,Bishop
156,Paula,Webb
157,Louis,Montgomery
158,Frances,Allen
159,Ann,Hughes
160,Kathleen,Scott
161,Cynthia,Pierce
162,Sharon,Peterson
163,Kevin,West
164,Alice,Ramirez
165,Cheryl,Morgan
166,Evelyn,Garcia
167,Jerry,Burton
168,Sharon,Howard
169,Carol,Elliott
170,Shirley,Hill
171,Billy,Ellis
172,Anthony,Daniels
173,Ashley,Rogers
174,Doris,Sims
175,Sarah,Richardson
176,Marilyn,Phillips
177,Jean,Jenkins
178,Julie,Ray
179,Edward,Fox
180,Joe,Burns
181,Bruce,Hill
182,Dennis,Cunningham
183,Deborah,Mcdonald
184,Ann,Stewart
185,Charles,Owens
186,Donald,Mitchell
187,Norma,Ramos
188,Todd,Holmes
189,Linda,Woods
190,Raymond,Jackson
191,Marie,Peterson
192,Phillip,Coleman
193,Eric,Jones
194,Nicole,Morris
195,Sharon,Ramos
196,Arthur,Richardson
197,Theresa,Baker
198,Peter,Hicks
199,Gregory,Fisher
200,Nicholas,Meyer
201,Martha,Cox
202,Jason,George
203,Steve,Ruiz
204,Joshua,Diaz
205,Ralph,Cruz
206,James,Meyer
207,Marie,Frazier
208,Lisa,Hudson
209,Phyllis,Brooks
210,Mark,Mason
211,Lillian,Daniels
212,Helen,Stanley
213,Ruth,Wallace
214,Anthony,Williamson
215,Karen,Henderson
216,Jason,Perry
217,Scott,Johnson
218,Ryan,Shaw
219,Norma,Mitchell
220,Shawn,Gomez
221,Gary,Myers
222,Amanda,Collins
223,Steven,Jenkins
224,Diana,Riley
225,Doris,Ramirez
226,Wanda,Arnold
227,Patrick,Stone
228,Ann,Butler
229,Katherine,Hudson
230,Martin,Burton
231,Willie,Perez
232,Debra,Russell
233,Joshua,Holmes
234,Adam,Henry
235,Roger,Mason
236,Catherine,Edwards
237,Lori,Montgomery
238,Judith,Martinez
239,Brian,Daniels
240,Cheryl,Nichols
241,David,Cooper
242,Helen,Anderson
243,Roger,Shaw
244,Ernest,Mccoy
245,Harold,Wallace
246,Michael,Larson
247,Jack,Pierce
248,Jack,Nichols
249,Tina,Griffin
250,Judy,Garrett
251,Charles,Gilbert
252,Christopher,Stone
253,Helen,Burke
254,Amy,Robinson
255,Karen,Carpenter
256,Diane,Tucker
257,Richard,Ferguson
258,Jerry,Cox
259,Daniel,Rose
260,Jack,Porter
261,Stephanie,Jenkins
262,Lawrence,Robinson
263,Rose,Gonzales
264,Stephen,Reynolds
265,Kelly,Olson
266,Chris,Kim
267,Marilyn,Brooks
268,Raymond,Austin
269,Laura,Long
270,Alice,Lane
271,James,Hill
272,Andrea,Gonzales
273,Norma,Hunt
274,James,Peters
275,Gloria,Sullivan
276,Jerry,Phillips
277,Nancy,Jones
278,Mary,Ford
279,Carol,Weaver
280,Craig,Mendoza
281,Betty,Chapman
282,Jacqueline,Carter
283,Joe,Graham
284,Richard,Flores
285,Arthur,Reyes
286,Dorothy,Daniels
287,Rose,Perez
288,Lawrence,Mendoza
289,Diana,George
290,Christine,Wallace
291,Bruce,Ryan
292,Victor,Henderson
293,Irene,Harper
294,Pamela,Montgomery
295,Samuel,Mccoy
296,Karen,Gardner
297,Phyllis,Wheeler
298,Angela,Hawkins
299,Louis,Martinez
300,Thomas,Perez
301,Paula,White
302,Mary,Edwards
303,Judith,Ramos
304,Howard,Hudson
305,Michelle,Harris
306,Michael,Morrison
307,Kathleen,Diaz
308,Mark,Diaz
309,Jean,Rivera
310,James,Elliott
311,Scott,Rogers
312,Aaron,Wheeler
313,Sandra,Cook
314,Ryan,Reynolds
315,Amy,Long
316,Alice,Schmidt
317,Rebecca,Black
318,Lillian,Rivera
319,Jane,Anderson
320,Annie,Freeman
321,Stephen,Foster
322,Craig,Martin
323,Paula,Kelley
324,Thomas,Watson
325,Cynthia,Stanley
326,Sharon,Sanchez
327,Helen,Dixon
328,William,Foster
329,Sandra,Jackson
330,Phyllis,Carroll
331,Wanda,Martinez
332,Ralph,Cooper
333,Jimmy,Ward
334,Elizabeth,Powell
335,Philip,Berry
336,Lisa,Reynolds
337,Margaret,Rose
338,Craig,Hayes
339,Wayne,Cox
340,Alice,Perkins
341,Cheryl,Morrison
342,Philip,Morales
343,Margaret,Rice
344,Jeremy,Cole
345,Aaron,Harris
346,Ann,Foster
347,Donald,Burton
348,Denise,Thomas
349,Stephen,Reynolds
350,Anna,Coleman
351,Charles,Gordon
352,Theresa,Davis
353,Emily,Cole
354,Ralph,Edwards
355,Mark,Martin
356,Bruce,Peters
357,Angela,Medina
358,Jesse,Pierce
359,Aaron,Morgan
360,Dorothy,Rice
361,Rebecca,Hicks
362,Tammy,Rose
363,Bruce,Powell
364,Kathy,Evans
365,Marie,Garcia
366,Christine,Myers
367,Russell,Richardson
368,Sharon,Snyder
369,Beverly,Pierce
370,Jean,Schmidt
371,Christina,Richards
372,Beverly,Hamilton
373,Jesse,Gray
374,Ruby,Hunter
375,Carolyn,Hughes
376,Shirley,Freeman
377,Betty,Bryant
378,Louis,Ryan
379,Shirley,Bowman
380,Nancy,Williams
381,Margaret,Nguyen
382,Doris,Little
383,Jean,Russell
384,Kenneth,Ramos
385,Louis,Gilbert
386,Robin,Jones
387,Matthew,Evans
388,Jane,Bennett
389,Sara,Crawford
390,Douglas,Jenkins
391,Carol,Cooper
392,Carolyn,Black
393,Mary,Woods
394,Rebecca,Taylor
395,Johnny,Dixon
396,Stephanie,Hunter
397,Paula,Greene
398,Jeremy,Nichols
399,Tina,Stone
400,Arthur,Pierce
401,Sharon,Hunter
402,Ruby,Lee
403,Patricia,Ortiz
404,Angela,Diaz
405,Justin,Rogers
406,Brenda,Cox
407,Marie,Ramirez
408,Linda,Rose
409,Alan,Coleman
410,Ralph,Mitchell
411,Douglas,Gilbert
412,Diana,Campbell
413,Lori,Medina
414,Anne,Burke
415,Gerald,Brown
416,Jose,Owens
417,Deborah,Robinson
418,William,Matthews
419,Jimmy,Russell
420,Sharon,Green
421,Justin,Berry
422,Amanda,Webb
423,Thomas,Gilbert
424,Catherine,Boyd
425,Harry,Lopez
426,Jeffrey,Ellis
427,Louis,Johnston
428,Joshua,Morgan
429,Todd,Carpenter
430,Harold,Sims
431,Adam,Kim
432,Bruce,Shaw
433,Carol,Torres
434,Terry,Watkins
435,Russell,Sullivan
436,Gloria,Mills
437,Virginia,Wright
438,Rose,Carpenter
439,Judith,Hunt
440,Phyllis,Burke
441,Janet,Garrett
442,Dennis,Fields
443,Gloria,Reed
444,Nicholas,Rivera
445,Amy,Hunt
446,Nicholas,Nguyen
447,Mary,Moreno
448,Jeremy,Sanchez
449,Carolyn,Woods
450,Ashley,Cunningham
451,Kathy,Jacobs
452,Sean,Simpson
453,Sean,West
454,Kelly,Ramirez
455,Anna,Morrison
456,Ann,Price
457,Johnny,Baker
458,Matthew,Baker
459,Teresa,Boyd
460,Victor,Collins
461,Kathryn,Reed
462,Phillip,Ward
463,Margaret,Evans
464,Michael,Price
465,Robert,Nguyen
466,Steven,Johnson
467,Thomas,Evans
468,Kelly,Armstrong
469,David,James
470,Gloria,Richardson
471,Joseph,Crawford
472,Amanda,Allen
473,Sara,Harvey
474,Justin,Peterson
475,Sandra,Wood
476,Ashley,Bradley
477,Kathryn,Spencer
478,Frances,Cruz
479,Willie,Burns
480,Elizabeth,Lawson
481,Adam,Richardson
482,Raymond,Allen
483,Patricia,Lane
484,Lillian,Little
485,Martha,Wallace
486,Jonathan,Burton
487,Joseph,Lane
488,Roy,Young
489,Clarence,Fox
490,Anne,Garrett
491,Diane,Williamson
492,Kenneth,Young
493,Wanda,Hamilton
494,Pamela,Smith
495,Patrick,Rice
496,Bruce,Rivera
497,Phillip,Thomas
498,Raymond,Weaver
499,Jeremy,Williams
500,Mary,Butler
501,Sarah,Richards
502,Dennis,Wright
503,Ronald,Duncan
504,Jack,Richards
505,Billy,Moore
506,Gerald,Harvey
507,Joyce,Diaz
508,Anne,Harris
509,Louise,Dunn
510,Cynthia,Oliver
511,Margaret,Ward
512,Julie,Holmes
513,Lisa,Jenkins
514,Wayne,Miller
515,Keith,Matthews
516,Joan,Cox
517,Mark,Lane
518,Phyllis,Cruz
519,Mark,Bowman
520,Larry,Kim
521,Larry,Simpson
522,Shawn,Knight
523,Theresa,Cruz
524,Janet,Marshall
525,Sandra,Morrison
526,Phyllis,Warren
527,Angela,Ruiz
528,Bruce,Wheeler
529,Bruce,Shaw
530,Alice,Brown
531,Ralph,Smith
532,Gloria,Garcia
533,Douglas,Martin
534,Kenneth,Mccoy
535,Alan,Coleman
536,Andrea,Marshall
537,Eric,Gardner
538,Steven,Bennett
539,Victor,Perry
540,Christopher,Willis
541,Mark,Alvarez
542,Karen,Davis
543,Keith,Black
544,Philip,Andrews
545,Marie,Thompson
546,Douglas,Harris
547,Rebecca,Mason
548,Timothy,Gardner
549,William,Ruiz
550,Eugene,Perez
551,Denise,Ellis
552,Karen,Torres
553,Dorothy,Sanchez
554,Joe,Turner
555,Charles,Ortiz
556,Kevin,Powell
557,Bruce,Chapman
558,Teresa,Robinson
559,Justin,Garrett
560,Fred,Owens
561,Angela,Stevens
562,Juan,Larson
563,Joan,Owens
564,Philip,Garrett
565,Matthew,Campbell
566,Michelle,Marshall
567,Joseph,Hart
568,Carol,Smith
569,Gary,Hudson
570,Patricia,Bryant
571,Patricia,Griffin
572,Joshua,Weaver
573,Denise,Patterson
574,Amanda,Phillips
575,Jane,Carpenter
576,Debra,Chapman
577,Mark,Hunter
578,Evelyn,Scott
579,Marie,Porter
580,Carol,Foster
581,Paula,Johnson
582,Beverly,Wilson
583,Martin,Wood
584,Eric,Chapman
585,Earl,Thomas
586,Mary,Gonzalez
587,Angela,Kelley
588,Antonio,Nichols
589,Norma,Graham
590,Tammy,Lee
591,Tina,Ramirez
592,Mark,Jackson
593,Gerald,Elliott
594,Phyllis,Schmidt
595,Dennis,Moore
596,Sarah,Phillips
597,Wayne,Wood
598,Linda,Robinson
599,Clarence,Washington
600,Irene,Holmes
601,Heather,Torres
602,Andrea,Wells
603,Kathryn,Henry
604,Ryan,Walker
605,Annie,Williamson
606,Paul,Perkins
607,Paula,Harper
608,Sharon,Moore
609,Tina,Harrison
610,Mark,Jacobs
611,Laura,Arnold
612,Denise,Cook
613,Ruth,Ruiz
614,Walter,Hughes
615,Annie,Moreno
616,Frank,Fowler
617,Tina,Welch
618,Thomas,Shaw
619,Diane,Mcdonald
620,Beverly,Kelley
621,Pamela,Harrison
622,Joseph,Ellis
623,Antonio,Bennett
624,Sarah,Armstrong
625,Catherine,Morrison
626,Lori,Morris
627,Anna,Gomez
628,Philip,Jacobs
629,Ryan,Snyder
630,Joan,Owens
631,Donna,Richards
632,Edward,Kelley
633,Angela,Ruiz
634,Gregory,Carter
635,Mary,Harper
636,Jennifer,Pierce
637,Russell,Gonzales
638,Craig,Phillips
639,Gregory,Hunt
640,Jeffrey,Ward
641,Juan,Brooks
642,Patricia,Nguyen
643,Phyllis,Powell
644,Laura,Richardson
645,Kimberly,Holmes
646,Brandon,Torres
647,Clarence,Barnes
648,Jose,Wilson
649,Frances,Sims
650,Julia,Cunningham
651,Shawn,Oliver
652,Lois,Wells
653,Paula,Fisher
654,Victor,Austin
655,Norma,Diaz
656,Patricia,Larson
657,Frank,Gibson
658,Kevin,Burke
659,Ashley,Wells
660,Evelyn,Meyer
661,Jennifer,Ramirez
662,Phillip,Gilbert
663,Irene,Moreno
664,Keith,Boyd
665,Julia,Roberts
666,Tina,Owens
667,Lawrence,Medina
668,Randy,Jenkins
669,Clarence,Dixon
670,Patrick,Ferguson
671,Brian,Kelly
672,Earl,Dean
673,Betty,Peters
674,Virginia,Meyer
675,Steven,Ramos
676,Joe,Andrews
677,Kenneth,Price
678,Justin,Simpson
679,Robin,Olson
680,Phyllis,Cox
681,Judy,Stanley
682,Chris,Perry
683,Earl,Sims
684,Stephanie,Ryan
685,Justin,Fields
686,Justin,Collins
687,Michael,Fowler
688,Brandon,Bailey
689,Tammy,Wallace
690,Julia,Adams
691,Janice,Hughes
692,James,Perkins
693,Russell,Oliver
694,Kimberly,Moore
695,Wanda,Ramirez
696,Heather,Ortiz
697,Aaron,Hamilton
698,Denise,West
699,Andrea,Ruiz
700,Brenda,Hudson
701,Paul,Evans
702,Catherine,Hansen
703,Christine,Morales
704,Larry,Spencer
705,Clarence,Greene
706,Jose,Palmer
707,Joyce,Schmidt
708,Angela,Hansen
709,Arthur,Grant
710,Aaron,Phillips
711,Janice,Woods
712,Anthony,Ramos
713,Craig,Ford
714,Ernest,Bennett
715,Jimmy,Reid
716,Kelly,Green
717,Christina,Wallace
718,Lisa,Rodriguez
719,Annie,Baker
720,Michelle,Nguyen
721,Juan,Price
722,Marilyn,Banks
723,Anna,Walker
724,Donald,Alvarez
725,Laura,Castillo
726,Ann,Welch
727,Scott,Stewart
728,Arthur,Butler
729,Nicole,Bowman
730,Joyce,Bishop
731,Ernest,Graham
732,Aaron,Robinson
733,Kathy,Schmidt
734,Daniel,Schmidt
735,Joe,Lynch
736,Nicole,Ellis
737,Cheryl,Bailey
738,Irene,Bryant
739,Aaron,Fields
740,Christopher,Stevens
741,Margaret,Tucker
742,Donna,Harrison
743,Steve,Patterson
744,Wanda,Shaw
745,Willie,Hughes
746,Norma,Daniels
747,Evelyn,Miller
748,Patricia,Williamson
749,Denise,Murphy
750,Gloria,Jones
751,Martin,Sims
752,Roger,Harper
753,Cheryl,Kelley
754,Richard,Clark
755,Theresa,Ramirez
756,Sharon,Stanley
757,Roger,Ross
758,Mildred,Ortiz
759,Wanda,Murray
760,David,Wells
761,Scott,Gray
762,Ryan,Jenkins
763,Brian,Moreno
764,Joshua,Castillo
765,Linda,Wilson
766,Jonathan,Meyer
767,Richard,Garza
768,Adam,Warren
769,Sandra,Powell
770,Eric,Graham
771,Elizabeth,Armstrong
772,Alan,Andrews
773,Julia,Nichols
774,Joan,Young
775,Jimmy,Ramirez
776,Michelle,Mills
777,Louise,Sullivan
778,Anna,Webb
779,Tina,Grant
780,Ashley,Sims
781,Roger,Black
782,Steve,Sullivan
783,Debra,Stevens
784,Jack,Hall
785,Richard,Montgomery
786,Frank,Anderson
787,Terry,Perez
788,Kenneth,Woods
789,Jeffrey,Jordan
790,Ernest,Kim
791,Sean,Oliver
792,Robert,Alexander
793,Sharon,Snyder
794,Aaron,Campbell
795,Jennifer,Ortiz
796,Matthew,Taylor
797,Billy,Clark
798,Dennis,Baker
799,William,Mills
800,Catherine,Ferguson
801,Patrick,Rice
802,Sara,Riley
803,Amy,Peterson
804,Ryan,Payne
805,Donald,Chavez
806,John,Hunt
807,Diane,Mendoza
808,Ruby,Rogers
809,Keith,Welch
810,Evelyn,Andrews
811,Julia,Reyes
812,Louis,Roberts
813,Stephen,Olson
814,Sarah,Welch
815,Ashley,Coleman
816,Anna,Howard
817,Norma,Bowman
818,Dennis,Schmidt
819,Jose,Kelly
820,Phyllis,Brown
821,Aaron,Mason
822,Dorothy,Payne
823,Wanda,Willis
824,Pamela,Reed
825,Barbara,Price
826,Susan,Hansen
827,Charles,Nelson
828,Louise,Bryant
829,Ronald,Ortiz
830,Janet,Wright
831,Gloria,Arnold
832,Carol,Richardson
833,Dennis,Bailey
834,Terry,Perkins
835,Johnny,Carr
836,Patricia,Gardner
837,Katherine,Ray
838,Richard,Bryant
839,Marilyn,Nelson
840,Lawrence,Dean
841,Gary,Bailey
842,Joseph,Owens
843,Howard,Bailey
844,Irene,Butler
845,Debra,Snyder
846,Julie,Jones
847,Shawn,Harvey
848,Mildred,Anderson
849,Nicole,Torres
850,Steven,Alexander
851,Roger,Montgomery
852,Laura,Mccoy
853,Donald,Bryant
854,Andrew,Crawford
855,George,Frazier
856,Sandra,Bowman
857,Arthur,Gonzales
858,Ruby,Ryan
859,Catherine,Bryant
860,Wayne,Reid
861,Christopher,King
862,James,Hart
863,Gloria,Richards
864,Johnny,Pierce
865,Adam,Russell
866,Justin,Richardson
867,Frances,Hunt
868,Helen,Graham
869,Bobby,Griffin
870,Carlos,Duncan
871,Richard,Hernandez
872,Sean,Garza
873,Ruby,Torres
874,Ann,Garrett
875,Norma,Pierce
876,Marilyn,Anderson
877,Amanda,Moreno
878,Cheryl,James
879,Kathryn,Day
880,Gerald,Peterson
881,Michael,Baker
882,Betty,Anderson
883,Joe,Brown
884,Virginia,Stephens
885,Jack,Freeman
886,Todd,Andrews
887,Benjamin,Powell
888,Paula,Kennedy
889,Jessica,Cole
890,Eugene,Jackson
891,Stephanie,Hawkins
892,Shawn,Webb
893,Eugene,Spencer
894,Arthur,Harrison
895,Ashley,Gordon
896,Nancy,Hunter
897,Ruby,Lee
898,Katherine,Stevens
899,Tina,Garza
900,Tammy,Young
901,Janet,Kelly
902,Linda,Mcdonald
903,Jerry,Coleman
904,Jessica,Peters
905,Laura,White
906,Edward,Fowler
907,Aaron,Payne
908,Peter,Rogers
909,Marilyn,Wallace
910,William,Mccoy
911,Catherine,Burke
912,Russell,Franklin
913,Virginia,Adams
914,Earl,Harper
915,Teresa,Evans
916,Brandon,Murray
917,Carlos,Jordan
918,Lillian,Dunn
919,Andrew,James
920,Kimberly,Larson
921,Beverly,Bennett
922,Doris,Gibson
923,Jose,Shaw
924,Harold,Ryan
925,Stephanie,Phillips
926,Adam,Wright
927,Philip,Alvarez
928,Frances,Austin
929,Earl,Moore
930,Marilyn,Castillo
931,Jeremy,Hughes
932,Janice,Hart
933,Tammy,Clark
934,Keith,Williamson
935,Anthony,Coleman
936,Cheryl,Dixon
937,Lois,Snyder
938,Jean,Tucker
939,Nancy,Andrews
940,Alan,Marshall
941,Randy,Oliver
942,Russell,Bowman
943,Phillip,Olson
944,Kevin,Harvey
945,Richard,Stanley
946,Jimmy,Powell
947,Ruby,Sanders
948,Martha,Burns
949,Ralph,Gutierrez
950,Deborah,Phillips
951,Billy,Hunt
952,Christina,Perkins
953,Diane,Rivera
954,Harold,Perez
955,Kathryn,Russell
956,John,Smith
957,Jerry,Fisher
958,Annie,Schmidt
959,Fred,Woods
960,William,Rodriguez
961,Anna,Collins
962,Heather,Mendoza
963,Ruby,Alexander
964,Daniel,Duncan
965,Thomas,Cunningham
966,Catherine,Welch
967,Martha,Evans
968,Tina,Ruiz
969,Billy,Alvarez
970,Frances,Lynch
971,Mark,Reynolds
972,Jeffrey,Lane
973,Mildred,Henry
974,Samuel,Bell
975,Ruth,Nichols
976,Melissa,Anderson
977,Jason,Kennedy
978,Eric,Sanchez
979,Anthony,Roberts
980,Joe,Carter
981,Richard,Dixon
982,Irene,Snyder
983,Nancy,Martinez
984,Karen,Berry
985,Robert,Larson
986,Peter,Johnson
987,Judy,Ruiz
988,Harry,Ryan
989,Jennifer,Sullivan
990,Robert,Williamson
991,Denise,Griffin
992,Keith,Miller
993,Alice,Marshall
994,Raymond,Hudson
995,Roger,Rodriguez
996,Rachel,Foster
997,Gerald,Howell
998,Elizabeth,Thompson
999,Shawn,Wright
1000,Michelle,Rogers